{
    "BlockType": "itemstack",
    "ComponentName": "RightStatsBarTeam",
    "HorizontalAlignment": "Center",
    "ItemStackOptions": {
        "ItemSource": "{Standings.Teams}",
        "Limit": 1,
        "IndexStart": "{com2, Converter=NumberSubtract, Parameter=1}",
        "ItemTemplate": {
            "BlockType": "stack",
            "VerticalAlignment": "Center",
            "HorizontalAlignment": "Right",
            "Items": [
                {
                    "BlockType": "dock",
                    "Orientation": "Horizontal",
                    "Width": 1000,
                    "Items": [
                        {
                            "BlockType": "text",
                            "HorizontalAlignment": "Left",
                            "VerticalAlignment": "Center",
                            "Source": "<statvalue>",
                            "Style": "NameBlackCom",
                            "Foreground": "{Item.Team.Color}"
                        },
                        {
                            "BlockType": "text",
                            "MarginLeft": -4,
                            "Source": "<statvalue1>",
                            "StyleName": "NameBlackCom",
                            "FontName": "{FontNameBlack}",
                            "FontSize": 70,
                            "HorizontalAlignment": "Left",
                            "VerticalAlignment": "Top",
                            "Foreground": "{Item.Team.Color}"
                        },
                        {
                            "BlockType": "shape",
                            "MarginLeft": 12,
                            "Height": 100,
                            "Width": 1000,
                            "WidthPercent": "{<stat>, Converter=NumberAdd, Parameter=3}",
                            "VerticalAlignment": "Top",
                            "HorizontalAlignment": "Right",
                            "ShapeOptions": {
                                "Fill": "{Item.Team.Color}"
                            }
                        }
                    ]
                }
            ]
        }
    }
}