{
    "ComponentName": "PositionJumpCellComponent",
    "BlockType": "dock",
    "Background": "{BackgroundDefault}",
    "Items": [
        {
            "BlockType": "stack",
            "PaddingLeft": 4,
            "PaddingRight": 4,
            "HorizontalAlignment": "Center",
            "VerticalAlignment": "Center",
            "Spacing": 4,
            "Items": [
                {
                    "BlockType": "text",
                    "RenderIf": "{Item.PositionJump, Converter=NumberNotEquals, Parameter=0}",
                    "Source": "{Item.PositionJump, Converter=NumberAbs}",
                    "HorizontalAlignment": "Center",
                    "VerticalAlignment": "Center",
                    "FontName": "{FontNameWide}",
                    "FontSize": 20,
                    "Height": 50,
                    "Width": 50,
                    "MarginRight": 0,
                    "TextOptions": {
                        "HorizontalAlignment": "Center",
                        "VerticalAlignment": "Bottom"
                    },
                    "Triggers": [
                        {
                            "Condition": "{Item.PositionJump, Converter=NumberGreater, Parameter=0}",
                            "Setters": [
                                {
                                    "Property": "Foreground",
                                    "Value": "#000000"
                                }
                            ]
                        },
                        {
                            "Condition": "{Item.PositionJump, Converter=NumberLess, Parameter=0}",
                            "Setters": [
                                {
                                    "Property": "Foreground",
                                    "Value": "#090909"
                                },
                                {
                                    "Property": "BackgroundImage",
                                    "Value": "arrows/arrow_down.png"
                                }
                            ]
                        }
                    ],
                    "BackgroundImage": "arrows/arrow_up.png"
                }
                
            ]
        }
    ]
}
