{
    "ComponentName": "StickerComponent",
    "BlockType": "stack",
    "Padding": "24,12,24,12",
    "Background": "<bg>",
    "VerticalAlignment": "Center",
    "Spacing": 28,

    "Items": [
        {
            "Name": "txt1",
            "BlockType": "text",
            "FontName": "{FontNameItalic}",
            "Source": "<header>",
            "VerticalAlignment": "Center",
            "Foreground": "#000000",
            "FontSize": 24
        },

        {
            "Name": "txt1",
            "BlockType": "text",
            "Source": "<main>",
            "VerticalAlignment": "Center",
            "Foreground": "#000000",
            "FontSize": 36
        },

        {
            "Name": "txt1",
            "BlockType": "text",
            "Source": "<data>",
            "FontName":"{FontNameBold}",
            "VerticalAlignment": "Center",
            "Foreground": "#000000",
            "FontSize": 30
        }
    ]
}
