


{
    "BlockType": "stack",
    "VerticalAlignment": "Center",
    "Orientation" : "Vertical",
    "Items": [
        
        {
            "BlockType" : "Canvas",
            "Orientation" : "Vertical",
            "Items" : [
                
                {
                    "BlockType" : "shape",
                    "Height" : "{StintsBarHeight}",
                    "VerticalAlignment" : "Center",
                    "PositionY" : 0,
                    "Width" : "{Item.Percentage, Converter=NumberMultiply, Parameter=20}",
                    "ShapeOptions" : {
                        "ShapeType" : "rectangle",
                        "Fill" : "#ff001e"
                    },
                    "RenderIf" : "{Item.Tyres, Converter=StringEquals, Parameter=soft}"
                },

                {
                    "BlockType" : "shape",
                    "Height" : "{StintsBarHeight}",
                    "VerticalAlignment" : "Bottom",
                    "PositionY" : 0,
                    "Width" : "{Item.Percentage, Converter=NumberMultiply, Parameter=20}",
                    "ShapeOptions" : {
                        "ShapeType" : "rectangle",
                        "Fill" : "#fffb00"
                    },
                    "RenderIf" : "{Item.Tyres, Converter=StringEquals, Parameter=medium}"
                },

                {
                    "BlockType" : "shape",
                    "Height" : "{StintsBarHeight}",
                    "VerticalAlignment" : "Bottom",
                    "PositionY" : 0,
                    "Width" : "{Item.Percentage, Converter=NumberMultiply, Parameter=20}",
                    "ShapeOptions" : {
                        "ShapeType" : "rectangle",
                        "Fill" : "#ffffff"
                    },
                    "RenderIf" : "{Item.Tyres, Converter=StringEquals, Parameter=hard}"
                },

                {
                    "BlockType" : "shape",
                    "Height" : "{StintsBarHeight}",
                    "VerticalAlignment" : "Bottom",
                    "PositionY" : 0,
                    "Width" : "{Item.Percentage, Converter=NumberMultiply, Parameter=20}",
                    "ShapeOptions" : {
                        "ShapeType" : "rectangle",
                        "Fill" : "#19c702"
                    },
                    "RenderIf" : "{Item.Tyres, Converter=StringEquals, Parameter=intermediate}"
                },

                {
                    "BlockType" : "shape",
                    "Height" : "{StintsBarHeight}",
                    "VerticalAlignment" : "Bottom",
                    "PositionY" : 0,
                    "Width" : "{Item.Percentage, Converter=NumberMultiply, Parameter=20}",
                    "ShapeOptions" : {
                        "ShapeType" : "rectangle",
                        "Fill" : "#024dc7"
                    },
                    "RenderIf" : "{Item.Tyres, Converter=StringEquals, Parameter=wet}"
                },

                {
                    "BlockType" : "stack",
                    "Height" : 73,
                    "Orientation" : "Horizontal",
                    "RenderIf" : true,
                    "Items" : [
                        {
                            "BlockType" : "text",
                            "Source" : "{Item.StartLapNumber}",
                            "HorizontalAlignment" : "Center",
                            "Foreground" : "#000000",
                            "MarginLeft": 3,
                            "FontName" : "{FontNameBold}",
                            "FontSize" : 25,
                            "PaddingBottom" : "{StintsBarHeight}",
                            "Triggers" : [
                                {
                                    "Condition" : "{Item.StartLapNumber, Converter=NumberEquals, Parameter=1}",
                                    "Setters" : [
                                        {
                                            "Property" : "RenderIf",
                                            "Value" : false
                                        }
                                    ]
                                }
                            ]
                            
                            
                        }
                    ],
                    
                },
                {
                   "BlockType" : "stack",
                   "Orientation" : "Vertical",
                   "Items" : [
                       
                       {
                           "BlockType" : "image",
                           "VerticalAlignment" : "Bottom",
                           "MarginLeft": 30,
                           "Source" : "images/tyres/tyres_{Item.Tyres}.png",
                           "RenderIf" : true,
                           "Height" : 55,
                           "Width" : 55,
                           "Triggers" : [
                               {
                                   "Condition" : "{Item.StartLapNumber, Converter=NumberEquals, Parameter=1}",
                                   "Setters" : [
                                       {
                                           "Property" : "RenderIf",
                                           "Value" : false
                                       }
                                   ]
                               }
                           ]
                       }
                   ]
                }
            ]
        }
    ]
}