{
    "BlockRoot": {
        "Name": "mainStack",
        "BlockType": "stack",
        "Margin": "{MarginRoot}",
        "Orientation": "Vertical",
        "Items": [
            //header block
            {
                "BlockType": "component",
                "Component": "HeaderBlockComponent",
                "ComponentOptions": {
                    "Vars": {
                        "header": "Season progress",
                        "subHeader": "/ positions"
                    }
                }
            },

            //separator
            {
                "Name": "separator",
                "BlockType": "image",
                "MarginTop": 16,
                "MarginLeft": 4,
                "MarginRight": 4,
                "MarginBottom": 24,
                "Width": "*",
                "Source": "separator.png"
            },

            //table
            {
                "Name": "mainTable",
                "BlockType": "table",
                "Margin": "{MarginTable}",
                "TableOptions": {
                    "ItemsSource": "{Standings.Drivers}",
                    "RowSpacing": 16,
                    "ColSpacing": 8,
                    "HeaderTemplate": {
                        "BlockType": "text",
                        "MarginBottom": 8,
                        "FontSize": 16,
                        "Style": "TableColumnHeaderStyle"
                    },
                    "Columns": [
                        //position
                        {
                            "Header": "",
                            "Template": {
                                "BlockType": "component",
                                "Component": "PositionCellComponent",
                                "ComponentOptions": {
                                    "Vars": {
                                        "position": "{Item.PositionString}"
                                    }
                                }
                            }
                        },

                        //driver line
                        {
                            "Header": "",
                            "MarginRight": 24,
                            "Template": {
                                "BlockType": "component",
                                "Component": "DriverLineCellComponent"
                            }
                        },

                        //points
                        {
                            "Header": "",
                            "MarginLeft": 20,
                            "Template": {
                                "BlockType": "dock",
                                "PaddingLeft": 24,
                                "PaddingRight": 24,
                                "Background": "{BackgroundDefault}",
                                "Items": [
                                    {
                                        "BlockType": "text",
                                        "Source": "{Item.Points}",
                                        "HorizontalAlignment": "Right",
                                        "VerticalAlignment": "Center",
                                        "Foreground": "{StandingsPointsForeground}",
                                        "Style": "PrimaryNumberStyle"
                                    }
                                ],
                                "Triggers": [
                                    {
                                        "Condition": "{Standings.IsPositionJumpForDriversExists}",
                                        "Property": "PaddingRight",
                                        "Value": 4
                                    }
                                ]
                            }
                        },

                        //position_jump
                        {
                            "Header": "",
                            "PaddingLeft": 0,
                            "MarginLeft": -8,
                            "Template": {
                                "BlockType": "component",
                                "PaddingLeft": 0,
                                "PaddingRight": 12,
                                "Component": "PositionJumpCellComponent"
                            }
                        },

                        //events
                        {
                            "MarginLeft": 24,
                            "MultiColumnHeadersSource": "{Standings.Events}",
                            "MultiColumnItemsSource": "{Item.Events}",
                            "MultiColumnHeaderTemplate": {
                                "BlockType": "stack",
                                "Orientation": "Vertical",
                                "Spacing": 4,
                                "HorizontalAlignment": "Center",
                                "Items": [
                                    {
                                        "BlockType": "image",
                                        "Source": "{Item.Track.Nation.LogotypePath}",
                                        "HorizontalAlignment": "Center",
                                        "Height": 42
                                    },
                                    {
                                        "BlockType": "text",
                                        "MarginBottom": 8,
                                        "FontSize": 20,
                                        "HorizontalAlignment": "Center",
                                        "Source": "{Item.Track.Nation.Code}"
                                    }
                                ]
                            },
                            "Width": 72,
                            "Template": {
                                "Padding": "12, 0",
                                "Background": "{BackgroundDefault}",
                                "BlockType": "text",
                                "Source": "{Item.RaceMajorPositionString}",
                                "HorizontalAlignment": "Left",
                                "TextOptions": {
                                    "FontName": "{FontNameDefault}",
                                    "FontSize": 34,
                                    "HorizontalAlignment": "Center",
                                    "Foreground": "{SeasonProgressPositionDefaultForeground}"
                                },
                                "Triggers": [
                                    {
                                        "Condition": "{Item.IsRaceMajorClassified, Converter=BoolReverse}",
                                        "Setters": [
                                            {
                                                "Property": "FontSize",
                                                "Value": 22
                                            },
                                            {
                                                "Property": "Foreground",
                                                "Value": "{SeasonProgressPositionNotClassifiedForeground}"
                                            }
                                        ]
                                    },
                                    {
                                        "Condition": "{Item.RaceMajorPosition, Converter=NumberLess, Parameter=11}",
                                        "Setters": [
                                            {
                                                "Property": "Foreground",
                                                "Value": "{SeasonProgressPositionTop10Foreground}"
                                            }
                                        ]
                                    },
                                    // {
                                    //     "Condition": "{Item.Position, Converter=NumberLess, Parameter=4}",
                                    //     "Setters":
                                    //     [
                                    //         {
                                    //             "Property": "Foreground",
                                    //             "Value": "#DDDD55"
                                    //         }
                                    //     ]
                                    // },
                                    {
                                        "Condition": "{Item.RaceMajorPosition, Converter=NumberEquals, Parameter=1}",
                                        "Setters": [
                                            {
                                                "Property": "Foreground",
                                                "Value": "{SeasonProgressPositionTop1Foregound}"
                                            }
                                        ]
                                    },
                                    {
                                        "Condition": "{Item.IsMajorRaceFastestLap}",
                                        "Setters": [
                                            {
                                                "Property": "Foreground",
                                                "Value": "{SeasonProgressPointsFastestLapForeground}"
                                            }
                                        ]
                                    },
                                    {
                                        "Condition": "{Item.IsMajorQualPole}",
                                        "Setters": [
                                            {
                                                "Property": "Background",
                                                "Value": "{SeasonProgressPointsPoleBackground}"
                                            }
                                        ]
                                    },
                                    {
                                        "Condition": "{Item.IsWorstEvent}",
                                        "Setters": [
                                            {
                                                "Property": "Foreground",
                                                "Value": "{SeasonProgressPositionWorstEventForeground}"
                                            }
                                        ]
                                    }
                                ]
                            }
                        }
                    ]
                }
            }
        ]
    }
}
