{
    "BlockRoot": {
        "Name": "mainStack",
        "BlockType": "stack",
        "Margin": "{MarginRoot}",

        "Orientation": "Vertical",
        "Items": [
            //header block
            {
                "BlockType": "component",
                "Component": "HeaderBlockComponent",
                "ComponentOptions": {
                    "Vars": {
                        "header": "Driver standings"
                    }
                }
            },

            //separator
            {
                "Name": "separator",
                "BlockType": "image",
                "MarginTop": 16,
                "MarginLeft": 4,
                "MarginRight": 4,
                "MarginBottom": 24,
                "Width": "*",
                "Source": "separator.png"
            },

            //table
            {
                "Name": "mainTable",
                "BlockType": "table",
                "Margin": "{MarginTable}",
                "MarginRight": 200,
                "TableOptions": {
                    "ItemsSource": "{Standings.Drivers}",
                    "RowSpacing": 16,
                    "ColSpacing": 4,
                    "HeaderTemplate": {
                        "BlockType": "text",
                        "MarginBottom": 8,
                        "Style": "TableColumnHeaderStyle"
                    },
                    "Columns": [
                        //position
                        {
                            "Header": "",
                            "Template": {
                                "BlockType": "component",
                                "Component": "PositionCellComponent",
                                "ComponentOptions": {
                                    "Vars": {
                                        "position": "{Item.PositionString}"
                                    }
                                }
                            }
                        },

                        //driver line
                        {
                            "Header": "",
                            "WidthStretch": true,
                            "Template": {
                                "BlockType": "component",
                                "Component": "DriverLineCellComponent"
                            }
                        },

                        //points
                        {
                            "Header": "",
                            "MarginLeft": 20,
                            "Template": {
                                "BlockType": "dock",
                                "PaddingLeft": 24,
                                "PaddingRight": 24,
                                "Background": "{BackgroundDefault}",
                                "Items": [
                                    {
                                        "BlockType": "text",
                                        "Source": "{Item.Points}",
                                        "HorizontalAlignment": "Right",
                                        "VerticalAlignment": "Center",
                                        "Foreground": "{StandingsPointsForeground}",
                                        "Style": "PrimaryNumberStyle"
                                    }
                                ],
                                "Triggers": [
                                    {
                                        "Condition": "{Standings.IsPositionJumpForDriversExists}",
                                        "Property": "PaddingRight",
                                        "Value": 4
                                    }
                                ]
                            }
                        },

                        //position_jump
                        {
                            "Header": "",
                            "PaddingLeft": 0,
                            "MarginLeft": -4,
                            "Template": {
                                "BlockType": "component",
                                "PaddingLeft": 0,
                                "PaddingRight": 12,
                                "Component": "PositionJumpCellComponent"
                            }
                        },

                        //podiums
                        {
                            "Header": "Wins",
                            "MarginLeft": 20,
                            "Template": {
                                "BlockType": "text",
                                "Padding": "24, 0",
                                "Background": "{BackgroundDefault}",
                                "Source": "{Item.CountP1, Converter=NumberZeroToEmpty}",
                                "Foreground": "{Standings1stCountForeground}",
                                "Style": "PrimaryNumberStyle"
                            }
                        },
                        {
                            "Header": "2nd",
                            "MarginLeft": 0,
                            "Template": {
                                "BlockType": "text",
                                "Padding": "24, 0",
                                "Background": "{BackgroundDefault}",
                                "Source": "{Item.CountP2, Converter=NumberZeroToEmpty}",
                                "Foreground": "{Standings2ndCountForeground}",
                                "Style": "PrimaryNumberStyle"
                            }
                        },
                        {
                            "Header": "3rd",
                            "MarginLeft": 0,
                            "Template": {
                                "BlockType": "text",
                                "Padding": "24, 0",
                                "Background": "{BackgroundDefault}",
                                "Source": "{Item.CountP3, Converter=NumberZeroToEmpty}",
                                "Foreground": "{Standings3rdCountForeground}",
                                "Style": "PrimaryNumberStyle"
                            }
                        },

                        //stats
                        {
                            "Header": "FL",
                            "MarginLeft": 12,
                            "Template": {
                                "BlockType": "text",
                                "Padding": "24, 0",
                                "Background": "{BackgroundDefault}",
                                "Source": "{Item.RaceFastestLapCount, Converter=NumberZeroToEmpty}",
                                "Foreground": "{StandingsFastestLapCountForeground}",
                                "Style": "PrimaryNumberStyle"
                            }
                        },
                        {
                            "Header": "Poles",
                            "MarginLeft": 0,
                            "Template": {
                                "BlockType": "text",
                                "Padding": "24, 0",
                                "Background": "{BackgroundDefault}",
                                "Source": "{Item.CountQualP1, Converter=NumberZeroToEmpty}",
                                "Foreground": "{StandingsPoleCountForeground}",
                                "Style": "PrimaryNumberStyle"
                            }
                        },

                        //penalty points
                        {
                            "Header": "Pen. pts",
                            "MarginLeft": 16,
                            "Template": {
                                "BlockType": "text",
                                "RenderIf": "{ShowPenaltyPointsInStandings}",
                                "Padding": "24, 0",
                                "Background": "{BackgroundDefault}",
                                "Source": "{Item.PenaltyPoints, Converter=NumberZeroToEmpty}",
                                "Foreground": "{StandingsPenaltyPointCountForeground}",
                                "Style": "PrimaryNumberStyle"
                            }
                        },

                        //events
                        {
                            "Header": "Events",
                            "MarginLeft": 12,
                            "Template": {
                                "BlockType": "text",
                                "Padding": "24, 0",
                                "Background": "{BackgroundDefault}",
                                "Source": "{Item.EventsCount, Converter=NumberZeroToEmpty}",
                                "Style": "PrimaryNumberStyle"
                            }
                        }
                    ]
                }
            }
        ]
    }
}
