{
    "BlockRoot": {
        "Name": "mainStack",
        "BlockType": "stack",
        "Margin": "{MarginRoot}",
        "Orientation": "Vertical",
        "Items": [
            //header block
            {
                "BlockType": "component",
                "Component": "HeaderBlockSessionComponent"
            },

            //separator
            {
                "Name": "separator",
                "BlockType": "image",
                "MarginTop": 16,
                "MarginLeft": 4,
                "MarginRight": 4,
                "MarginBottom": 24,
                "Width": "*",
                "Source": "separator.png"
            },

            //table
            {
                "Name": "mainTable",
                "BlockType": "table",
                "Background": "{BackgroundDefault}",
                "ColorizeBackground": {
                    "Enabled": true,
                    "Color": "#000000",
                    "BlendPercentage": 0
                },
                "Margin": "{MarginTable}",
                "TableOptions": {
                    "ItemsSource": "{Session.Drivers}",
                    "RowSpacing": 10,
                    "ColSpacing": 0,
                    "HeaderTemplate": {
                        "BlockType": "text",
                        "MarginBottom": 0,
                        "Style": "TableColumnHeaderStyle"
                    },
                    "Columns": [
                        // //position
                        {
                            "Header": "",
                            "Template": {
                                "BlockType": "component",
                                "Component": "PositionCellComponent",
                                "ComponentOptions": {
                                    "Vars": {
                                        "position": "{Item.PositionString}"
                                    }
                                }
                            }
                        },

                        //driver line
                        {
                            "Header": "",
                            "WidthStretch": true,
                            "MarginRight": 0,
                            "Template": {
                                "BlockType": "component",
                                "Component": "DriverLineCellComponent"
                            }
                        },

                        //position_jump
                        {
                            "Header": "",
                            "MarginLeft": 0,
                            "Template": {
                                "BlockType": "component",
                                "Component": "PositionJumpCellComponent"
                            }
                        },

                        //interval
                        {
                            "Header": "[Interval]",
                            "Template": {
                                "Padding": "12, 0",

                                "Background": "{BackgroundDefault}",
                                "BlockType": "text",
                                "Source": "{Item.IntervalRace}",
                                "HorizontalAlignment": "Left",
                                "TextOptions": {
                                    "FontName": "{FontNameDefault}",
                                    "FontSize": 32,
                                    "HorizontalAlignment": "Center"
                                }
                            }
                        },

                        //penalties
                        {
                            "Header": "[Penalties]",
                            "Template": {
                                "BlockType": "dock",
                                "Padding": "12, 0",
                                "Background": "{BackgroundDefault}",
                                "Items": [
                                    {
                                        "BlockType": "stack",
                                        "HorizontalAlignment": "Center",
                                        "VerticalAlignment": "Center",
                                        "Items": [
                                            {
                                                "BlockType": "text",
                                                "Source": "{Item.PenaltyTimeStringRightPart}",
                                                "HorizontalAlignment": "Center",
                                                "VerticalAlignment": "Center",
                                                "TextOptions": {
                                                    "FontName": "{FontNameDefault}",
                                                    "FontSize": 30,
                                                    "Foreground": "{PenaltyTimeStewardsForeground}",
                                                    "HorizontalAlignment": "Center"
                                                }
                                            }
                                        ]
                                    }
                                ]
                            }
                        },

                        //fastest lap
                        {
                            "Header": "[FL]",
                            "Template": {
                                "BlockType": "dock",
                                "Padding": "12, 0",
                                "Background": "{BackgroundDefault}",
                                "Items": [
                                    {
                                        "BlockType": "stack",
                                        "HorizontalAlignment": "Center",
                                        "VerticalAlignment": "Center",
                                        "Spacing": 8,
                                        "Items": [
                                            {
                                                "BlockType": "text",
                                                "Source": "{Item.FastestLapTime}",
                                                "HorizontalAlignment": "Center",
                                                "VerticalAlignment": "Center",
                                                "TextOptions": {
                                                    "FontName": "{FontNameDefault}",
                                                    "FontSize": 24,
                                                    "HorizontalAlignment": "Center"
                                                },
                                                "Triggers": [
                                                    {
                                                        "Condition": "{Item.IsRaceFastestLap}",
                                                        "Setters": [
                                                            {
                                                                "Property": "Foreground",
                                                                "Value": "{FastestLapRaceSelectedForeground}"
                                                            }
                                                        ]
                                                    }
                                                ]
                                            },
                                            {
                                                "BlockType": "image",
                                                "Source": "tyres_{Item.FastestLapTyres}.png",
                                                "HorizontalAlignment": "Center",
                                                "VerticalAlignment": "Center",
                                                "Height": 28
                                            }
                                        ]
                                    }
                                ]
                            }
                        },

                        //stints
                        {
                            "Header": "[Stints]",
                            "Template": {
                                "BlockType": "itemstack",
                                "Spacing": 4,
                                "Padding": "12, 0",
                                "Background": "{BackgroundDefault}",
                                "ItemStackOptions": {
                                    "ItemSource": "{Item.Stints}",
                                    "Template": {
                                        "BlockType": "stack",
                                        "VerticalAlignment": "Center",
                                        "MarginRight": 4,
                                        "Spacing": 3,
                                        "Items": [
                                            {
                                                "BlockType": "image",
                                                "Height": 36,
                                                "VerticalAlignment": "Center",
                                                "Source": "tyres/tyres_{Item.Tyres}.png"
                                            },
                                            {
                                                "BlockType": "text",
                                                "Source": "{Item.Laps}",
                                                "HorizontalAlignment": "Center",
                                                "VerticalAlignment": "Center",
                                                "TextOptions": {
                                                    "FontName": "{FontNameDefault}",
                                                    "FontSize": 20,
                                                    "HorizontalAlignment": "Center"
                                                }
                                            }
                                        ]
                                    }
                                }
                            }
                        },

                        //points
                        {
                            "Header": "[Pts]",
                            "Template": {
                                "BlockType": "dock",
                                "Padding": "24, 0",
                                "Background": "{BackgroundDefault}",
                                "HorizontalAlignment": "Center",
                                "Items": [
                                    {
                                        "BlockType": "text",
                                        "Source": "{Item.DriverPointsString}",
                                        "HorizontalAlignment": "Center",
                                        "VerticalAlignment": "Center",
                                        "TextOptions": {
                                            "FontName": "{FontNameDefault}",
                                            "FontSize": 32,
                                            "HorizontalAlignment": "Center"
                                        },
                                        "Triggers": [
                                            {
                                                "Condition": "{Item.IsRaceFastestLap}",
                                                "Setters": [
                                                    {
                                                        "Property": "Foreground",
                                                        "Value": "{FastestLapRaceSelectedForeground}"
                                                    }
                                                ]
                                            }
                                        ]
                                    }
                                ]
                            }
                        }
                    ]
                }
            },

            //footer
            {
                "BlockType": "stack",
                "Margin": "8, 36, 8, 8",
                "Spacing": 32,
                "Items": [
                    {
                        "BlockType": "component",
                        "Component": "StickerComponent",
                        "Name": "stickerFastestLap",
                        "RenderIf": "{Session.FastestLapDriver, Converter=EmptyObjectToFalse}",
                        "ComponentOptions": {
                            "Vars": {
                                "bg": "{FastestLapRaceStickerBackground}",
                                "header": "FASTEST LAP",
                                "main": "{Session.FastestLapDriver.Name}",
                                "data": "{Session.FastestLapTime}"
                            }
                        }
                    },

                    {
                        "BlockType": "component",
                        "Component": "StickerComponent",
                        "RenderIf": "{Session.DriverDayDriver, Converter=EmptyObjectToFalse}",
                        "ComponentOptions": {
                            "Vars": {
                                "bg": "{DriverDayRaceStickerBackground}",
                                "header": "DRIVER OF THE DAY",
                                "main": "{Session.DriverDayDriver.Name}",
                                "data": ""
                            }
                        }
                    }
                ]
            }
        ]
    }
}
