{
    "BlockRoot": {
        "Name": "mainStack",
        "BlockType": "stack",
        "Margin": "0, 0, 0, 12",

        "Orientation": "Vertical",
        "Items": [
            //header block
            {
                "BlockType": "dock",
                "VerticalAlignment": "Center",
                "Margin": "0, 0, 0, 8",
                "Padding": "42, 16, 42, 16",
                "Items": [
                    //league name
                    {
                        "BlockType": "stack",
                        "VerticalAlignment": "Center",
                        "HorizontalAlignment": "Left",
                        "Items": [
                            {
                                "BlockType": "text",
                                "Opacity": 100,
                                "Source": "{Season.LeagueInfo.LeagueName}",
                                "FontName": "{FontNameWide}",
                                "FontSize": 40
                            },
                            {
                                "BlockType": "text",
                                "Source": " // {Season.Name}",
                                "VerticalAlignment": "Center",
                                "FontName": "{FontNameWide}",
                                "FontSize": 40,
                                "Foreground": "{ForegroundDefault}"
                            }
                        ]
                    },

                    {
                        "Name": "leagueLogo",
                        "MarginLeft": 36,
                        "MarginRight": 0,
                        "Height": 56,
                        "BlockType": "image",
                        "HorizontalAlignment": "Right",
                        "VerticalAlignment": "Center",
                        "Source": "{Season.LeagueInfo.LeagueLogo}"
                    }
                ]
            },

            //table
            {
                "Name": "mainTable",
                "BlockType": "table",
                "Margin": "{MarginTable}",
                "MarginRight": 0,
                "TableOptions": {
                    "ItemsSource": "{Events.Events}",
                    "RowSpacing": 8,
                    "ColSpacing": 0,
                    "HeaderTemplate": {
                        "BlockType": "text",
                        "MarginBottom": 8,
                        "Style": "TableColumnHeaderStyle"
                    },
                    "Columns": [
                        
                        //number
                        {
                            "Template": {
                                "BlockType": "text",
                                "PaddingLeft": 32,
                                "Source": "{Item.Position}",
                                "HorizontalAlignment": "Center",
                                "VerticalAlignment": "Center",
                                "FontName": "{FontNameBlack}",
                                "Foreground": "#FFFFFF",
                                "FontSize": 30,
                                "Background": "{BackgroundDefault}",
                                "TextOptions": {
                                    "HorizontalAlignment": "Center"
                                }
                            }
                        },
                                {
                                    "Template": {
                                        "BlockType": "stack",
                                        "PaddingLeft": 32,
                                        "PaddingRight": 4,
                                        "HorizontalAlignment": "Left",
                                        "VerticalAlignment": "Center",
                                        "Background": "{BackgroundDefault}",
                                        "Items": [
                                            //flag
                                            {
                                                "BlockType": "image",
                                                "Height": 56,
                                                "MarginRight": 10,
                                                "VerticalAlignment": "Center",
                                                "ImageOptions": {
                                                    "Path": "{Item.Track.Nation.LogotypePath}",
                                                    "VerticalAlignment": "Center"
                                                }
                                            },
        
                                            //country
                                            {
                                                "BlockType": "text",
                                                "Source": "{Item.Track.Nation.Code}",
                                                "HorizontalAlignment": "Left",
                                                "VerticalAlignment": "Center",
                                                "FontName": "{FontNameDefault}",
                                                "Foreground": "#FFFFFF",
                                                "FontSize": 20
                                            }
                                        ]
                                    }
                                },
                                
        
                                //location
                                {
                                    "WidthStretch": true,
                                    "Template": {
                                        "BlockType": "dock",
                                        "Background": "{BackgroundDefault}",
                                        "Items": [
                                            {
                                                "BlockType": "text",
                                                "PaddingLeft": 24,
                                                "PaddingRight": 10,
                                                "Source": "{Item.Track.CountryName}",
                                                "HorizontalAlignment": "Left",
                                                "VerticalAlignment": "Center",
                                                "FontName": "{FontNameDefault}",
                                                "Foreground": "#FFFFFF",
                                                "FontSize": 32,
                                            },
                                            {
                                                "BlockType": "text",
                                                "PaddingLeft": 24,
                                                "PaddingRight": 6,
                                                "Source": "{Item.Track.LocationName}",
                                                "HorizontalAlignment": "Right",
                                                "VerticalAlignment": "Center",
                                                "FontName": "{FontNameDefault}",
                                                "Foreground": "#F0F0F0",
                                                "FontSize": 16,  
                                            }
                                        ]
                                        
                                    }
                                },
                        //date
                        {
                            "Template": {
                                "BlockType": "text",
                                "PaddingLeft": 24,
                                "PaddingRight": 24,
                                "Background": "#4D101010",
                                "Source": "{Item.Date, Converter=DateToDayOfMonth} {Item.Date, Converter=DateToMonthInWords}",
                                "FontSize": 24,
                                "Foreground": "#FFFFFF",
                                "TextOptions": {
                                    "HorizontalAlignment": "Center"
                                }
                            }
                        },
                        
                        //description
                        {
                            "Template": {
                                "BlockType": "text",
                                "RenderIf": "{ShowEventDescriptionInCalendar}",
                                "MaxWidth": 480,
                                "PaddingLeft": 24,
                                "PaddingRight": 24,
                                "Source": "{Item.Description}",
                                "HorizontalAlignment": "Left",
                                "VerticalAlignment": "Center",
                                "FontName": "{FontNameDefault}",
                                "Foreground": "#95C2C2C2",
                                "FontSize": 20,
                                "Background": "{BackgroundDefault}",
                                "Triggers": [
                                    {
                                        "Condition": "{Item.CompletedStatus, Converter=StringEquals, Parameter=Completed}",
                                        "Property": "Foreground",
                                        "Value": "#757575"
                                    }
                                ]
                            }
                        }
                    ]
                }
            }
        ]
    }
}
